<?xml version="1.0" encoding="UTF-8"?>
<soap:Envelope xmlns:soap="http://www.w3.org/2003/05/soap-envelope" xmlns:sncm="http://sncm.anvisa.gov.br/">
   <soap:Header/>
   <soap:Body>
      <sncm:anom>
         <dataMsg><![CDATA[
			
			<msgAnom xmlns="http://sncm.anvisa.gov.br/">
				<docId>DTPDEVTHI2O220314001</docId>
				<ccTime>2022-03-24T20:37:52Z</ccTime>
				<ver>1.00</ver>
				<lc>pt-BR</lc>
				<env>2</env>
				<declarant>
				<cnpj>60659463000191</cnpj>
				</declarant>
				<usrAgt>DTP-DSV</usrAgt>
				<!-- 1 – todas / 2 – novas / 3 – resolvidas / 4 – pendentes -->
				<comnd>2</comnd>
			</msgAnom>
			          
         ]]></dataMsg>
      </sncm:anom>
   </soap:Body>
</soap:Envelope>