<?xml version="1.0" encoding="UTF-8"?>
<soap:Envelope xmlns:soap="http://www.w3.org/2003/05/soap-envelope" xmlns:sncm="http://sncm.anvisa.gov.br/">
   <soap:Header/>
   <soap:Body>
      <sncm:evtOut>
         <dataMsg><![CDATA[
			
			<msgEvtOut xmlns="http://sncm.anvisa.gov.br/">
			<docId>TDEVTOUT202310000001</docId>
			<ccTime>2022-03-24T20:50:42Z</ccTime>
			<ver>1.00</ver>
			<lc>pt-BR</lc>
			<env>2</env>
			<declarant> 
				<cnpj>29322013000169</cnpj> 
			</declarant>
			<usrAgt>TesteDesempenho</usrAgt>
			<receipt>16481550428495047632</receipt>
			</msgEvtOut>
			         

         ]]></dataMsg>
      </sncm:evtOut>
   </soap:Body>
</soap:Envelope>