<?xml version="1.0" encoding="UTF-8"?>
<soap:Envelope xmlns:soap="http://www.w3.org/2003/05/soap-envelope" xmlns:sncm="http://sncm.anvisa.gov.br/">
   <soap:Header/>
   <soap:Body>
      <sncm:mdataMAH>
         <dataMsg><![CDATA[
	         
	         	  <msgMdataMAH xmlns="http://sncm.anvisa.gov.br/">
		            <docId>SAMIRHML220324172401</docId>
		            <ccTime>2022-03-24T20:33:49Z</ccTime>
		            <ver>1.00</ver>
		            <lc>pt-BR</lc>
		            <env>2</env>
		            <declarant>
		               <cnpj>29322013000169</cnpj>
		            </declarant>
		 
		            <!--<mbrAgt>29322013000169</mbrAgt> -->
		            <usrAgt>SAM-HML-MDATAMAH</usrAgt>
		            <comnd>2</comnd>
		 
		            <regAnvisa>1000200700011</regAnvisa>
		            
	 		  </msgMdataMAH>
			          
         ]]></dataMsg>
      </sncm:mdataMAH>
   </soap:Body>
</soap:Envelope>