<?xml version="1.0" encoding="UTF-8"?>
<soap:Envelope xmlns:soap="http://www.w3.org/2003/05/soap-envelope" xmlns:sncm="http://sncm.anvisa.gov.br/">
   <soap:Header/>
   <soap:Body>
      <sncm:cont>
       <dataMsg><![CDATA[
       
         <msgCont xmlns="http://sncm.anvisa.gov.br/">
			<docId>SAMIRHML220324111301</docId>
			<ccTime>2022-03-24T20:38:51Z</ccTime>
			<ver>1.00</ver>
			<lc>pt-BR</lc>
			<env>2</env>
			<declarant>
				<cnpj>07380584000117</cnpj>
			</declarant>
			<!--<mbrAgt>29322013000169</mbrAgt> -->
			<usrAgt>SAM-HML-MDATAMAH</usrAgt>
            <conts>
               <!--Zero or more repetitions:-->
               <tp>
                  <tpi>
                     <!--You have a CHOICE of the next 3 items at this level-->
                     <sscc>00022240500001234506</sscc>
                  </tpi>
				<pld>
					<dui>
					 	<gtin>00360687315218</gtin>
					 	<serl>2022021100001</serl>
					 	<exp>2027-02</exp>
					 	<lot>20220211</lot>
					 </dui>
				 </pld>
               </tp>
            </conts>
         </msgCont>
          
		]]></dataMsg>
      </sncm:cont>
   </soap:Body>
</soap:Envelope>