<?xml version="1.0" encoding="UTF-8"?>
<soap:Envelope xmlns:soap="http://www.w3.org/2003/05/soap-envelope" xmlns:sncm="http://sncm.anvisa.gov.br/">
   <soap:Header/>
   <soap:Body>
      <sncm:evtIn>
         <dataMsg><![CDATA[
         
			<msgEvtIn xmlns="http://sncm.anvisa.gov.br/">
				<docId>SAMIR202203140000031</docId>
				<ccTime>2022-03-24T20:49:45Z</ccTime>
				<ver>1.00</ver>
				<lc>pt-BR</lc>
				<env>2</env>
				<declarant>
					<cnpj>29322013000169</cnpj>
				</declarant>
				<mbrAgt>29322013000169</mbrAgt>
				<usrAgt>SAMIR-DEV-ATIVACAO</usrAgt>
				<evts>
					<activ>
						<evtNotifId>SAMIR202203140000041</evtNotifId>
						<pastTime>2022-03-10T12:00:00Z</pastTime>
						<import>false</import>
							<dui><gtin>00360687315218</gtin><serl>2022032400021</serl><exp>2027-03</exp><lot>20220324</lot></dui>
							<dui><gtin>00360687315218</gtin><serl>2022032400022</serl><exp>2027-03</exp><lot>20220324</lot></dui>				 
							<dui><gtin>00360687315218</gtin><serl>2022032400023</serl><exp>2027-03</exp><lot>20220324</lot></dui>	
							<dui><gtin>00360687315218</gtin><serl>2022032400024</serl><exp>2027-03</exp><lot>20220324</lot></dui>					 
					</activ>
				</evts>
			</msgEvtIn>         
         
         ]]></dataMsg>
      </sncm:evtIn>
   </soap:Body>
</soap:Envelope>